model,HR@10,NDCG@10,n
Ours (-Geography),0.7724867724867724,0.5364957089086749,3969
Ours (-Multi-aspect),0.7707231040564374,0.541896700970491,3969
Ours (MA-GNN -Aspect),0.7757621567145376,0.5442734484178022,3969
Ours (MA-GNN -Social),0.781557067271353,0.545159017876442,3969
