model,HR@10,NDCG@10,n
Ours (-Geography),0.7714179289793891,0.5380737091059807,8054
Ours (-Multi-aspect),0.7746461385646883,0.5415927524567148,8054
Ours (MA-GNN -Aspect),0.7751427861931959,0.5441551466825845,8054
Ours (MA-GNN -Social),0.7796126148497641,0.5458113662013375,8054
