model,HR@10,NDCG@10,n
Popularity,0.7732426303854876,0.5381025409085798,3969
BERT-only,0.47921390778533635,0.2508820801553969,3969
Matrix Factorization,0.6276140085663895,0.4161668687844376,3969
Ours (-GNN),0.7709750566893424,0.5396891582544578,3969
Ours (MA-GNN Full),0.7737465356512976,0.5448766972048766,3969
