model,HR@10,NDCG@10,n
Popularity,0.7696796622796126,0.5411709284742666,8054
BERT-only,0.4600198659051403,0.23971461929527202,8054
Matrix Factorization,0.6278867643407002,0.41913223410312783,8054
Ours (-GNN),0.7662031288800596,0.5379686217122501,8054
Ours (MA-GNN Full),0.7792401291283834,0.5462003176352719,8054
